id,rank,price_usd,market_cap_usd,fully_diluted_usd,volume_24h_usd,turnover_pct,ath_usd,ath_date,pct_from_ath,change_30d_pct,change_1y_pct,circulating_supply,max_supply,listed_on
bitcoin,1,79404,1594496833516,1594498103973,22620429891,1.42,126080,2025-10-06,'-37.02,22.24,'-28.54,20080918,21000000,binance coinbase bybit okx kraken bitget mexc gateio
ethereum,2,2488.88,303721987039,303721987039,11027741006,3.63,4946.05,2025-08-24,'-49.68,29.78,'-42.12,122026782.25209972,,binance coinbase bybit okx kraken bitget gateio
binancecoin,4,743.59,99015576131,99015572011,1053142949,1.06,1369.99,2025-10-13,'-45.72,25.11,'-14.62,133161760.04,200000000,binance coinbase bybit okx kraken bitget mexc gateio
ripple,5,1.4,87789601756,139895891394,1827940942,2.08,3.65,2025-07-17,'-61.63,35.15,'-50.58,62744504852,100000000000,binance coinbase bybit okx kraken bitget mexc gateio
solana,7,104.93,61504459692,66486094201,3546332534,5.77,293.31,2025-01-19,'-64.23,40.22,'-48.35,586166183.5329264,,binance coinbase bybit okx kraken bitget mexc gateio
tron,8,0.336911,31985816705,31985819498,291864658,0.91,0.431288,2024-12-03,'-21.88,2.74,2.79,94939417072.16649,,binance bybit okx kraken bitget mexc gateio
dogecoin,11,0.089586,13959623118,15367238597,794899616,5.69,0.731578,2021-05-07,'-87.75,27.37,'-58.77,155815456383.70526,,binance coinbase bybit okx kraken bitget gateio
chainlink,14,13.3,9952656276,13303912136,877125917,8.81,52.7,2021-05-09,'-74.76,60.41,'-40.23,748099970.424884,1000000000,binance coinbase bybit okx kraken bitget mexc gateio
cardano,17,0.21882,8209042959,9848098694,428110046,5.22,3.09,2021-09-01,'-92.91,9.99,'-73.52,37510482444.2993,45000000000,binance coinbase bybit okx kraken bitget mexc gateio
uniswap,22,7.03,4384530838,6264719737,682132246,15.56,44.92,2021-05-02,'-84.34,76.22,'-24.81,623212423.7271129,1000000000,binance coinbase bybit okx kraken bitget mexc gateio
litecoin,24,56.02,4346761805,4346767758,343644954,7.91,410.26,2021-05-09,'-86.34,22.97,'-50.89,77583379.32776675,84000000,binance coinbase bybit okx kraken bitget mexc gateio
hedera-hashgraph,28,0.080656,3536882759,4034630279,50459365,1.43,0.569229,2021-09-15,'-85.83,17.67,'-63.3,43831559704.075874,50000000000,binance coinbase bybit okx kraken bitget mexc gateio
avalanche-2,29,7.87,3400465954,3649879316,286041529,8.41,144.96,2021-11-21,'-94.57,20.4,'-67.8,431771961.1772119,720000000,binance coinbase bybit okx kraken bitget mexc gateio
sui,30,0.811789,3325667911,8118241803,626690428,18.84,5.35,2025-01-04,'-84.82,17.09,'-76,4096537146.5409594,10000000000,binance coinbase bybit okx kraken bitget mexc gateio
shiba-inu,32,0.00000547,3221678468,3223082749,63790212,1.98,0.00008616,2021-10-27,'-93.66,17.05,'-55.77,589239307782558.2,,binance coinbase bybit okx kraken bitget gateio
near,33,2.35,3067326362,3067326405,534220473,17.42,20.44,2022-01-16,'-88.51,46.56,'-3.56,1305669321,,binance coinbase bybit okx kraken bitget mexc gateio
aave,46,134.04,2067716792,2144459724,228485102,11.05,661.69,2021-05-18,'-79.74,48.66,'-55.38,15427414.330044037,16000000,binance coinbase bybit okx kraken bitget mexc gateio
ondo-finance,48,0.387676,1887262679,3875815417,142626460,7.56,2.14,2024-12-15,'-81.89,9.65,'-57.19,4869330647,10000000000,binance coinbase bybit okx kraken bitget mexc gateio
polkadot,54,0.97903,1665486558,1665497049,201940601,12.13,54.98,2021-11-04,'-98.22,19.98,'-74.61,1701626070.375367,2100000000,binance coinbase bybit okx kraken bitget mexc gateio
worldcoin-wld,55,0.452275,1646858481,4528694079,338344982,20.54,11.74,2024-03-09,'-96.15,47.88,'-55.5,3636497525.3059416,10000000000,binance coinbase bybit okx kraken bitget mexc gateio
pepe,58,0.00000359,1511660247,1511660247,184250859,12.19,0.00002803,2024-12-09,'-87.18,25.02,'-63.25,420690000000000,420690000000000,binance coinbase bybit okx kraken bitget mexc gateio
ethereum-classic,67,7.77,1228824298,1228824298,47179376,3.84,167.09,2021-05-06,'-95.35,19.17,'-61.81,158090222.3179712,210700000,binance coinbase bybit okx kraken bitget mexc gateio
arbitrum,69,0.165321,1104237652,1653526649,479954375,43.46,2.39,2024-01-12,'-93.08,109.61,'-66.4,6678075931,10000000000,binance coinbase bybit okx kraken bitget mexc gateio
cosmos,80,1.62,858460530,858460904,34775593,4.05,43.84,2021-09-19,'-96.3,16.88,'-63.49,529351437.737932,,binance coinbase bybit okx kraken bitget mexc gateio
jupiter-exchange-solana,81,0.257987,855817917,1768806629,161789705,18.9,2,2024-01-31,'-87.1,41.07,'-48.48,3320312968.08,10000000000,binance coinbase bybit okx kraken bitget mexc gateio
algorand,82,0.0945,853847989,853848820,30774697,3.6,3.56,2019-06-20,'-97.35,8.53,'-58.9,9039306573.741625,10000000000,binance coinbase bybit okx kraken bitget mexc gateio
render-token,85,1.54,799863014,822620824,67584154,8.45,13.53,2024-03-17,'-88.61,16.6,'-55.41,518772101.28269154,644245094,binance coinbase bybit okx kraken bitget mexc gateio
filecoin,92,0.818228,676938872,1602030312,81184007,11.99,236.84,2021-04-01,'-99.65,14.62,'-65.5,826968833,,binance coinbase bybit okx kraken bitget mexc gateio
injective-protocol,100,5.67,567089157,567089157,110249731,19.44,52.62,2024-03-14,'-89.23,26.56,'-56.4,100000000,,binance coinbase bybit okx kraken bitget mexc gateio
aptos,104,0.62817,539557623,759346481,64373586,11.93,19.92,2023-01-26,'-96.85,4.58,'-85.14,858587240.3437667,2100000000,binance coinbase bybit okx kraken bitget mexc gateio
celestia,116,0.433864,418881303,510509913,117286708,28,20.85,2024-02-10,'-97.92,31.94,'-73.38,965466873.468182,,binance coinbase bybit okx kraken bitget mexc gateio
fetch-ai,117,0.176269,407469334,478462551,102168927,25.07,3.45,2024-03-28,'-94.9,27.26,'-71.47,2311630162.9757457,2714384546.672,binance coinbase bybit okx kraken bitget mexc gateio
sei-network,130,0.04900609,329942188,490013151,41139908,12.47,1.14,2024-03-15,'-95.7,18.21,'-83.39,6733333333,,binance coinbase bybit okx kraken bitget mexc gateio
bonk,145,0.00000316,276880243,276880243,104119673,37.6,0.00005825,2024-11-19,'-94.57,25.13,'-84.48,87994533836371.38,87995282867000.55,binance coinbase bybit okx kraken bitget mexc gateio
optimism,155,0.109571,250899100,470981584,82839956,33.02,4.84,2024-03-06,'-97.74,25.06,'-84.74,2287994831,4294967296,binance coinbase bybit okx kraken bitget mexc gateio
starknet,167,0.03082688,221421812,308321588,27891728,12.6,4.41,2024-02-20,'-99.3,22.29,'-74.87,7181521515.171522,10000000000,binance coinbase bybit okx kraken bitget mexc gateio
dogwifcoin,168,0.21982,219594576,219594576,63649635,28.99,4.83,2024-03-31,'-95.44,54.68,'-73.18,998926392,998926392,binance coinbase bybit okx kraken bitget mexc gateio
matic-network,,0.126156,0,1261558705,0.146751,,2.92,2021-12-26,'-95.67,,'-54.77,0,10000000000,
fantom,,0.02845975,0,90359628,565.56,,3.46,2021-10-27,'-99.18,,'-90.63,0,3175000000,
floki,,0.0000261,0,0,17576384,,0.00034495,2024-06-04,'-92.43,23.89,'-71.28,0,10000000000000,binance coinbase bybit okx kraken bitget mexc gateio
